area,price
901,1882000
3983,7234000
3446,6346000
2475,4850000
2449,4555000
4364,8166000
886,1655000
3638,6718000
1406,2588000
923,1811000
2869,5490000
4891,8745000
3811,7125000
3925,7301000
3729,6823000
4038,7251000
2810,5269000
1076,2057000
4279,7937000
2527,4752000
2752,5394000
2168,4066000
1321,2424000
4671,8635000
4017,7464000
3398,6520000
2311,4485000
4203,7819000
2954,5737000
2495,4513000
2527,4653000
1522,2801000
914,1787000
2996,5386000
4496,8388000
787,1583000
4363,7833000
4225,7653000
1745,3388000
3343,6343000
1243,2737000
3912,7679000
3653,6838000
2095,3823000
805,1329000
4869,9004000
2506,4589000
4519,8272000
3551,6500000
4003,7384000
3920,7416000
1376,2700000
2137,4023000
2600,4725000
2740,4881000
697,1382000
2960,5520000
1194,2614000
3845,7141000
3574,6781000
4652,8499000
3852,6956000
2150,3925000
4854,8828000
2349,4747000
1966,3616000
4575,8561000
2167,3965000
843,1857000
2613,4961000
4081,7522000
1352,2627000
2583,4751000
1084,2218000
3589,6592000
2641,4770000
1986,3583000
1521,2964000
3040,5909000
3514,6549000
4732,8700000
2467,4683000
1223,2597000
4247,7878000
3334,6140000
3651,6938000
937,1951000
1905,3859000
3956,7348000
4246,7659000
2458,4419000
4122,7867000
4288,8177000
2244,4212000
4542,8318000
1797,3654000
1578,2874000
3571,6494000
3366,6355000
1129,2173000
4248,7846000
1399,2694000
4122,7670000
533,1371000
4086,7568000
4041,7570000
4012,7114000
3492,6478000
2622,4793000
3673,6629000
1747,3213000
4014,7375000
3000,5737000
2565,4618000
2775,5200000
3059,5634000
667,1351000
1129,2383000
1604,3168000
1015,2228000
2478,4637000
3508,6410000
3445,6367000
2620,4952000
4348,8053000
3044,5517000
856,1754000
3943,7332000
3086,6132000
3356,6522000
3044,5551000
2991,5541000
907,1613000
3016,5540000
4077,7586000
1868,3743000
3213,5874000
638,1250000
2064,3593000
2465,4613000
4923,8902000
1465,2758000
1744,3208000
2338,4394000
4967,8877000
4341,7794000
656,1700000
1552,2800000
4198,7592000
762,1847000
4351,8468000
1766,3203000
4630,8479000
1821,3529000
2454,4877000
3479,6314000
1068,2086000
3007,5729000
2773,5257000
4028,7394000
4983,9149000
3490,6276000
2341,4378000
2329,4352000
2381,4521000
4163,7610000
1945,3772000
1251,2604000
2004,3831000
602,1336000
977,1967000
905,1829000
3972,7241000
3751,6999000
3636,6730000
2578,5154000
3727,7145000
1225,2463000
4553,8281000
2755,4992000
4722,8878000
1185,2372000
2738,5200000
3634,6480000
2730,5253000
2508,4783000
1248,2280000
2214,4114000
1574,3073000
1857,3550000
3577,6595000
3336,6189000
3232,5980000
2128,4053000
4819,9095000
894,1424000
2042,3840000
1031,2082000
2025,3889000
4829,8836000
